Time; ConsInst; ProdInst; ConsSinceBeg; ProdSinceBeg;
1,0; 0,0; 0,0; 
2,0; 0,0; 0,0; 
3,0; 0,0; 0,0; 
4,0; 0,0; 0,0; 
5,0; 0,0; 0,0; 
6,0; 0,0; 0,0; 
7,0; 0,0; 0,0; 
8,0; 0,0; 0,0; 
9,0; 0,0; 0,0; 
10,0; 0,0; 0,0; 
11,0; 0,0; 0,0; 
12,0; 0,0; 0,0; 
13,0; 0,0; 0,0; 
14,0; 0,0; 0,0; 
15,0; 0,0; 0,0; 
16,0; 0,0; 0,0; 
17,0; 0,0; 0,0; 
18,0; 0,0; 0,0; 
19,0; 0,0; 0,0; 
20,0; 0,0; 0,0; 
21,0; 0,0; 0,0; 
22,0; 0,0; 0,0; 
23,0; 0,0; 0,0; 
24,0; 0,0; 0,0; 
25,0; 0,0; 0,0; 
26,0; 0,0; 0,0; 
27,0; 0,0; 0,0; 
28,0; 0,0; 0,0; 
29,0; 0,0; 0,0; 
30,0; 0,0; 0,0; 
31,0; 0,0; 0,0; 
32,0; 0,0; 0,0; 
33,0; 0,0; 0,0; 
34,0; 0,0; 0,0; 
35,0; 0,0; 0,0; 
36,0; 0,0; 0,0; 
37,0; 0,0; 0,0; 
38,0; 0,0; 0,0; 
39,0; 0,0; 0,0; 
40,0; 0,0; 0,0; 
41,0; 0,0; 0,0; 
42,0; 0,0; 0,0; 
43,0; 0,0; 0,0; 
44,0; 0,0; 0,0; 
45,0; 0,0; 0,0; 
46,0; 0,0; 0,0; 
47,0; 0,0; 0,0; 
48,0; 0,0; 0,0; 
49,0; 0,0; 0,0; 
50,0; 0,0; 0,0; 
51,0; 0,0; 0,0; 
52,0; 0,0; 0,0; 
53,0; 0,0; 0,0; 
54,0; 0,0; 0,0; 
55,0; 0,0; 0,0; 
56,0; 0,0; 0,0; 
57,0; 0,0; 0,0; 
58,0; 0,0; 0,0; 
59,0; 0,0; 0,0; 
60,0; 0,0; 0,0; 
61,0; 0,0; 0,0; 
62,0; 0,0; 0,0; 
63,0; 0,0; 0,0; 
64,0; 0,0; 0,0; 
65,0; 0,0; 0,0; 
66,0; 0,0; 0,0; 
67,0; 0,0; 0,0; 
68,0; 0,0; 0,0; 
69,0; 0,0; 0,0; 
70,0; 0,0; 0,0; 
71,0; 0,0; 0,0; 
72,0; 0,0; 0,0; 
73,0; 0,0; 0,0; 
74,0; 0,0; 0,0; 
75,0; 0,0; 0,0; 
76,0; 0,0; 0,0; 
77,0; 0,0; 0,0; 
78,0; 0,0; 0,0; 
79,0; 0,0; 0,0; 
80,0; 0,0; 0,0; 
81,0; 0,0; 0,0; 
82,0; 0,0; 0,0; 
83,0; 0,0; 0,0; 
84,0; 0,0; 0,0; 
85,0; 0,0; 0,0; 
86,0; 0,0; 0,0; 
87,0; 0,0; 0,0; 
88,0; 0,0; 0,0; 
89,0; 0,0; 0,0; 
90,0; 0,0; 0,0; 
91,0; 0,0; 0,0; 
92,0; 0,0; 0,0; 
93,0; 0,0; 0,0; 
94,0; 0,0; 0,0; 
95,0; 0,0; 0,0; 
96,0; 0,0; 0,0; 
97,0; 0,0; 0,0; 
98,0; 0,0; 0,0; 
99,0; 0,0; 0,0; 
100,0; 0,0; 0,0; 
101,0; 0,0; 0,0; 
102,0; 0,0; 0,0; 
103,0; 0,0; 0,0; 
104,0; 0,0; 0,0; 
105,0; 0,0; 0,0; 
106,0; 0,0; 0,0; 
107,0; 0,0; 0,0; 
108,0; 0,0; 0,0; 
109,0; 0,0; 0,0; 
110,0; 0,0; 0,0; 
111,0; 0,0; 0,0; 
112,0; 0,0; 0,0; 
113,0; 0,0; 0,0; 
114,0; 0,0; 0,0; 
115,0; 0,0; 0,0; 
116,0; 0,0; 0,0; 
117,0; 0,0; 0,0; 
118,0; 0,0; 0,0; 
119,0; 0,0; 0,0; 
120,0; 0,0; 0,0; 
121,0; 0,0; 0,0; 
122,0; 0,0; 0,0; 
123,0; 0,0; 0,0; 
124,0; 0,0; 0,0; 
125,0; 0,0; 0,0; 
126,0; 0,0; 0,0; 
127,0; 0,0; 0,0; 
128,0; 0,0; 0,0; 
129,0; 0,0; 0,0; 
130,0; 0,0; 0,0; 
131,0; 0,0; 0,0; 
132,0; 0,0; 0,0; 
133,0; 0,0; 0,0; 
134,0; 0,0; 0,0; 
135,0; 0,0; 0,0; 
136,0; 0,0; 0,0; 
137,0; 0,0; 0,0; 
138,0; 0,0; 0,0; 
139,0; 0,0; 0,0; 
140,0; 0,0; 0,0; 
141,0; 0,0; 0,0; 
142,0; 0,0; 0,0; 
143,0; 0,0; 0,0; 
144,0; 0,0; 0,0; 
145,0; 0,0; 0,0; 
146,0; 0,0; 0,0; 
147,0; 0,0; 0,0; 
148,0; 0,0; 0,0; 
149,0; 0,0; 0,0; 
150,0; 0,0; 0,0; 
151,0; 0,0; 0,0; 
152,0; 0,0; 0,0; 
153,0; 0,0; 0,0; 
154,0; 0,0; 0,0; 
155,0; 0,0; 0,0; 
156,0; 0,0; 0,0; 
157,0; 0,0; 0,0; 
158,0; 0,0; 0,0; 
159,0; 0,0; 0,0; 
160,0; 0,0; 0,0; 
161,0; 0,0; 0,0; 
162,0; 0,0; 0,0; 
163,0; 0,0; 0,0; 
164,0; 0,0; 0,0; 
165,0; 0,0; 0,0; 
166,0; 0,0; 0,0; 
167,0; 0,0; 0,0; 
168,0; 0,0; 0,0; 
169,0; 0,0; 0,0; 
170,0; 0,0; 0,0; 
171,0; 0,0; 0,0; 
172,0; 0,0; 0,0; 
173,0; 0,0; 0,0; 
174,0; 0,0; 0,0; 
175,0; 0,0; 0,0; 
176,0; 0,0; 0,0; 
177,0; 0,0; 0,0; 
178,0; 0,0; 0,0; 
179,0; 0,0; 0,0; 
180,0; 0,0; 0,0; 
181,0; 0,0; 0,0; 
182,0; 0,0; 0,0; 
183,0; 0,0; 0,0; 
184,0; 0,0; 0,0; 
185,0; 0,0; 0,0; 
186,0; 0,0; 0,0; 
187,0; 0,0; 0,0; 
188,0; 0,0; 0,0; 
189,0; 0,0; 0,0; 
190,0; 0,0; 0,0; 
191,0; 0,0; 0,0; 
192,0; 0,0; 0,0; 
193,0; 0,0; 0,0; 
194,0; 0,0; 0,0; 
195,0; 0,0; 0,0; 
196,0; 0,0; 0,0; 
197,0; 0,0; 0,0; 
198,0; 0,0; 0,0; 
199,0; 0,0; 0,0; 
200,0; 0,0; 0,0; 
201,0; 0,0; 0,0; 
202,0; 0,0; 0,0; 
203,0; 0,0; 0,0; 
204,0; 0,0; 0,0; 
205,0; 0,0; 0,0; 
206,0; 0,0; 0,0; 
207,0; 0,0; 0,0; 
208,0; 0,0; 0,0; 
209,0; 0,0; 0,0; 
210,0; 0,0; 0,0; 
211,0; 0,0; 0,0; 
212,0; 0,0; 0,0; 
213,0; 0,0; 0,0; 
214,0; 0,0; 0,0; 
215,0; 0,0; 0,0; 
216,0; 0,0; 0,0; 
217,0; 0,0; 0,0; 
218,0; 0,0; 0,0; 
219,0; 0,0; 0,0; 
220,0; 0,0; 0,0; 
221,0; 0,0; 0,0; 
222,0; 0,0; 0,0; 
223,0; 0,0; 0,0; 
224,0; 0,0; 0,0; 
225,0; 0,0; 0,0; 
226,0; 0,0; 0,0; 
227,0; 0,0; 0,0; 
228,0; 0,0; 0,0; 
229,0; 0,0; 0,0; 
230,0; 0,0; 0,0; 
231,0; 0,0; 0,0; 
232,0; 0,0; 0,0; 
233,0; 0,0; 0,0; 
234,0; 0,0; 0,0; 
235,0; 0,0; 0,0; 
236,0; 0,0; 0,0; 
237,0; 0,0; 0,0; 
238,0; 0,0; 0,0; 
239,0; 0,0; 0,0; 
240,0; 0,0; 0,0; 
241,0; 0,0; 0,0; 
242,0; 0,0; 0,0; 
243,0; 0,0; 0,0; 
244,0; 0,0; 0,0; 
245,0; 0,0; 0,0; 
246,0; 0,0; 0,0; 
247,0; 0,0; 0,0; 
248,0; 0,0; 0,0; 
249,0; 0,0; 0,0; 
250,0; 0,0; 0,0; 
251,0; 0,0; 0,0; 
252,0; 0,0; 0,0; 
253,0; 0,0; 0,0; 
254,0; 0,0; 0,0; 
255,0; 0,0; 0,0; 
256,0; 0,0; 0,0; 
257,0; 0,0; 0,0; 
258,0; 0,0; 0,0; 
259,0; 0,0; 0,0; 
260,0; 0,0; 0,0; 
261,0; 0,0; 0,0; 
262,0; 0,0; 0,0; 
263,0; 0,0; 0,0; 
264,0; 0,0; 0,0; 
265,0; 0,0; 0,0; 
266,0; 0,0; 0,0; 
267,0; 0,0; 0,0; 
268,0; 0,0; 0,0; 
269,0; 0,0; 0,0; 
270,0; 0,0; 0,0; 
271,0; 0,0; 0,0; 
272,0; 0,0; 0,0; 
273,0; 0,0; 0,0; 
274,0; 0,0; 0,0; 
275,0; 0,0; 0,0; 
276,0; 0,0; 0,0; 
277,0; 0,0; 0,0; 
278,0; 0,0; 0,0; 
279,0; 0,0; 0,0; 
280,0; 0,0; 0,0; 
281,0; 0,0; 0,0; 
282,0; 0,0; 0,0; 
283,0; 0,0; 0,0; 
284,0; 0,0; 0,0; 
285,0; 0,0; 0,0; 
286,0; 0,0; 0,0; 
287,0; 0,0; 0,0; 
288,0; 0,0; 0,0; 
289,0; 0,0; 0,0; 
290,0; 0,0; 0,0; 
291,0; 0,0; 0,0; 
292,0; 0,0; 0,0; 
293,0; 0,0; 0,0; 
294,0; 0,0; 0,0; 
295,0; 0,0; 0,0; 
296,0; 0,0; 0,0; 
297,0; 0,0; 0,0; 
298,0; 0,0; 0,0; 
299,0; 0,0; 0,0; 
300,0; 0,0; 0,0; 
301,0; 0,0; 0,0; 
302,0; 0,0; 0,0; 
303,0; 0,0; 0,0; 
304,0; 0,0; 0,0; 
305,0; 0,0; 0,0; 
306,0; 0,0; 0,0; 
307,0; 0,0; 0,0; 
308,0; 0,0; 0,0; 
309,0; 0,0; 0,0; 
310,0; 0,0; 0,0; 
311,0; 0,0; 0,0; 
312,0; 0,0; 0,0; 
313,0; 0,0; 0,0; 
314,0; 0,0; 0,0; 
315,0; 0,0; 0,0; 
316,0; 0,0; 0,0; 
317,0; 0,0; 0,0; 
318,0; 0,0; 0,0; 
319,0; 0,0; 0,0; 
320,0; 0,0; 0,0; 
321,0; 0,0; 0,0; 
322,0; 0,0; 0,0; 
323,0; 0,0; 0,0; 
324,0; 0,0; 0,0; 
325,0; 0,0; 0,0; 
326,0; 0,0; 0,0; 
327,0; 0,0; 0,0; 
328,0; 0,0; 0,0; 
329,0; 0,0; 0,0; 
330,0; 0,0; 0,0; 
331,0; 0,0; 0,0; 
332,0; 0,0; 0,0; 
333,0; 0,0; 0,0; 
334,0; 0,0; 0,0; 
335,0; 0,0; 0,0; 
336,0; 0,0; 0,0; 
337,0; 0,0; 0,0; 
338,0; 0,0; 0,0; 
339,0; 0,0; 0,0; 
340,0; 0,0; 0,0; 
341,0; 0,0; 0,0; 
342,0; 0,0; 0,0; 
343,0; 0,0; 0,0; 
344,0; 0,0; 0,0; 
345,0; 0,0; 0,0; 
346,0; 0,0; 0,0; 
347,0; 0,0; 0,0; 
348,0; 0,0; 0,0; 
349,0; 0,0; 0,0; 
350,0; 0,0; 0,0; 
351,0; 0,0; 0,0; 
352,0; 0,0; 0,0; 
353,0; 0,0; 0,0; 
354,0; 0,0; 0,0; 
355,0; 0,0; 0,0; 
356,0; 0,0; 0,0; 
357,0; 0,0; 0,0; 
358,0; 0,0; 0,0; 
359,0; 0,0; 0,0; 
360,0; 0,0; 0,0; 
361,0; 0,0; 0,0; 
362,0; 0,0; 0,0; 
363,0; 0,0; 0,0; 
364,0; 0,0; 0,0; 
365,0; 0,0; 0,0; 
366,0; 0,0; 0,0; 
367,0; 0,0; 0,0; 
368,0; 0,0; 0,0; 
369,0; 0,0; 0,0; 
370,0; 0,0; 0,0; 
371,0; 0,0; 0,0; 
372,0; 0,0; 0,0; 
373,0; 0,0; 0,0; 
374,0; 0,0; 0,0; 
375,0; 0,0; 0,0; 
376,0; 0,0; 0,0; 
377,0; 0,0; 0,0; 
378,0; 0,0; 0,0; 
379,0; 0,0; 0,0; 
380,0; 0,0; 0,0; 
381,0; 0,0; 0,0; 
382,0; 0,0; 0,0; 
383,0; 0,0; 0,0; 
384,0; 0,0; 0,0; 
385,0; 0,0; 0,0; 
386,0; 0,0; 0,0; 
387,0; 0,0; 0,0; 
388,0; 0,0; 0,0; 
389,0; 0,0; 0,0; 
390,0; 0,0; 0,0; 
391,0; 0,0; 0,0; 
392,0; 0,0; 0,0; 
393,0; 0,0; 0,0; 
394,0; 0,0; 0,0; 
395,0; 0,0; 0,0; 
396,0; 0,0; 0,0; 
397,0; 0,0; 0,0; 
398,0; 0,0; 0,0; 
399,0; 0,0; 0,0; 
400,0; 0,0; 0,0; 
401,0; 0,0; 0,0; 
402,0; 0,0; 0,0; 
403,0; 0,0; 0,0; 
404,0; 0,0; 0,0; 
405,0; 3,3501805828441995; 3,3501805828441995; 
406,0; 0,0; 3,3501805828441995; 
407,0; 5,0451718213218815; 8,395352404166081; 
408,0; 0,0; 8,395352404166081; 
409,0; 0,0; 8,395352404166081; 
410,0; 5,143930266772953; 13,539282670939034; 
411,0; 0,0; 13,539282670939034; 
412,0; 0,0; 13,539282670939034; 
413,0; 4,33011575470587; 17,869398425644903; 
414,0; 4,183939997251753; 22,053338422896655; 
415,0; 0,0; 22,053338422896655; 
416,0; 0,0; 22,053338422896655; 
417,0; 0,0; 22,053338422896655; 
418,0; 4,477507977055581; 26,530846399952235; 
419,0; 0,0; 26,530846399952235; 
420,0; 4,694613090081223; 31,225459490033458; 
421,0; 4,261784558149015; 35,487244048182475; 
422,0; 4,610660869726265; 40,09790491790874; 
423,0; 0,0; 40,09790491790874; 
424,0; 0,0; 40,09790491790874; 
425,0; 3,7083921711417456; 43,80629708905049; 
426,0; 0,0; 43,80629708905049; 
427,0; 5,290223611931812; 49,0965207009823; 
428,0; 0,0; 49,0965207009823; 
429,0; 4,133471874101674; 53,229992575083976; 
430,0; 0,0; 53,229992575083976; 
431,0; 0,0; 53,229992575083976; 
432,0; 0,0; 53,229992575083976; 
433,0; 0,0; 53,229992575083976; 
434,0; 0,0; 53,229992575083976; 
435,0; 3,448701667547543; 56,67869424263152; 
436,0; 0,0; 56,67869424263152; 
437,0; 5,027841988878721; 61,70653623151024; 
438,0; 0,0; 61,70653623151024; 
439,0; 5,5; 67,20653623151024; 
440,0; 5,5; 72,70653623151024; 
441,0; 5,5; 78,20653623151024; 
442,0; 3,979685630362558; 82,1862218618728; 
443,0; 0,0; 82,1862218618728; 
444,0; 0,0; 82,1862218618728; 
445,0; 4,12704685453411; 86,31326871640691; 
446,0; 4,532832059565168; 90,84610077597208; 
447,0; 0,0; 90,84610077597208; 
448,0; 0,0; 90,84610077597208; 
449,0; 4,489440892340549; 95,33554166831263; 
450,0; 0,0; 95,33554166831263; 
451,0; 4,9263798248138775; 100,26192149312651; 
452,0; 4,174854520796888; 104,43677601392339; 
453,0; 0,0; 104,43677601392339; 
454,0; 3,6836262178709487; 108,12040223179434; 
455,0; 0,0; 108,12040223179434; 
456,0; 0,0; 108,12040223179434; 
457,0; 4,444021080052617; 112,56442331184697; 
458,0; 2,670471541059559; 115,23489485290652; 
459,0; 3,4507143801761404; 118,68560923308266; 
460,0; 3,3492310195797304; 122,03484025266239; 
461,0; 0,0; 122,03484025266239; 
462,0; 0,0; 122,03484025266239; 
463,0; 3,5095802988545923; 125,54442055151698; 
464,0; 3,418227814312024; 128,962648365829; 
465,0; 0,0; 128,962648365829; 
466,0; 4,047066821155913; 133,00971518698492; 
467,0; 0,0; 133,00971518698492; 
468,0; 2,9256627297877347; 135,93537791677267; 
469,0; 3,9603246238351817; 139,89570254060786; 
470,0; 3,8605707648603924; 143,75627330546826; 
471,0; 2,451776025795475; 146,20804933126374; 
472,0; 5,308985600321965; 151,5170349315857; 
473,0; 0,0; 151,5170349315857; 
474,0; 0,0; 151,5170349315857; 
475,0; 1,9214069774674463; 153,43844190905315; 
476,0; 1,9079581692085086; 155,34640007826167; 
477,0; 0,0; 155,34640007826167; 
478,0; 0,0; 155,34640007826167; 
479,0; 4,309795733002512; 159,65619581126418; 
480,0; 0,0; 159,65619581126418; 
481,0; 5,5; 165,15619581126418; 
482,0; 0,0; 165,15619581126418; 
483,0; 0,0; 165,15619581126418; 
484,0; 0,0; 165,15619581126418; 
485,0; 3,764533753504214; 168,9207295647684; 
486,0; 3,084988048621152; 172,00571761338955; 
487,0; 0,0; 172,00571761338955; 
488,0; 0,0; 172,00571761338955; 
489,0; 5,144449640296566; 177,1501672536861; 
490,0; 0,0; 177,1501672536861; 
491,0; 0,0; 177,1501672536861; 
492,0; 0,0; 177,1501672536861; 
493,0; 0,0; 177,1501672536861; 
494,0; 0,0; 177,1501672536861; 
495,0; 5,42017797233329; 182,57034522601938; 
496,0; 4,10581675144713; 186,6761619774665; 
497,0; 0,0; 186,6761619774665; 
498,0; 3,444922365721008; 190,1210843431875; 
499,0; 0,0; 190,1210843431875; 
500,0; 5,5; 195,6210843431875; 
501,0; 0,0; 195,6210843431875; 
502,0; 0,0; 195,6210843431875; 
503,0; 0,0; 195,6210843431875; 
504,0; 0,0; 195,6210843431875; 
505,0; 4,561161759713629; 200,18224610290113; 
506,0; 4,113286139304475; 204,2955322422056; 
507,0; 4,5421703398614355; 208,83770258206704; 
508,0; 0,0; 208,83770258206704; 
509,0; 0,0; 208,83770258206704; 
510,0; 0,0; 208,83770258206704; 
511,0; 0,0; 208,83770258206704; 
512,0; 0,0; 208,83770258206704; 
513,0; 0,0; 208,83770258206704; 
514,0; 0,0; 208,83770258206704; 
515,0; 0,0; 208,83770258206704; 
516,0; 0,0; 208,83770258206704; 
517,0; 0,0; 208,83770258206704; 
518,0; 0,0; 208,83770258206704; 
519,0; 0,0; 208,83770258206704; 
520,0; 0,0; 208,83770258206704; 
521,0; 0,0; 208,83770258206704; 
522,0; 0,0; 208,83770258206704; 
523,0; 0,0; 208,83770258206704; 
524,0; 0,0; 208,83770258206704; 
525,0; 0,0; 208,83770258206704; 
526,0; 0,0; 208,83770258206704; 
527,0; 0,0; 208,83770258206704; 
528,0; 0,0; 208,83770258206704; 
529,0; 0,0; 208,83770258206704; 
530,0; 0,0; 208,83770258206704; 
531,0; 0,0; 208,83770258206704; 
532,0; 0,0; 208,83770258206704; 
533,0; 0,0; 208,83770258206704; 
534,0; 0,0; 208,83770258206704; 
535,0; 0,0; 208,83770258206704; 
536,0; 0,0; 208,83770258206704; 
537,0; 0,0; 208,83770258206704; 
538,0; 0,0; 208,83770258206704; 
539,0; 0,0; 208,83770258206704; 
540,0; 0,0; 208,83770258206704; 
541,0; 0,0; 208,83770258206704; 
542,0; 0,0; 208,83770258206704; 
543,0; 0,0; 208,83770258206704; 
544,0; 0,0; 208,83770258206704; 
545,0; 0,0; 208,83770258206704; 
546,0; 0,0; 208,83770258206704; 
547,0; 0,0; 208,83770258206704; 
548,0; 0,0; 208,83770258206704; 
549,0; 0,0; 208,83770258206704; 
550,0; 0,0; 208,83770258206704; 
551,0; 0,0; 208,83770258206704; 
552,0; 0,0; 208,83770258206704; 
553,0; 0,0; 208,83770258206704; 
554,0; 0,0; 208,83770258206704; 
555,0; 0,0; 208,83770258206704; 
556,0; 0,0; 208,83770258206704; 
557,0; 0,0; 208,83770258206704; 
558,0; 0,0; 208,83770258206704; 
559,0; 4,918370125629409; 213,75607270769643; 
560,0; 0,0; 213,75607270769643; 
561,0; 0,0; 213,75607270769643; 
562,0; 0,0; 213,75607270769643; 
563,0; 0,0; 213,75607270769643; 
564,0; 0,0; 213,75607270769643; 
565,0; 0,0; 213,75607270769643; 
566,0; 0,0; 213,75607270769643; 
567,0; 0,0; 213,75607270769643; 
568,0; 0,0; 213,75607270769643; 
569,0; 0,0; 213,75607270769643; 
570,0; 0,0; 213,75607270769643; 
571,0; 0,0; 213,75607270769643; 
572,0; 0,0; 213,75607270769643; 
573,0; 0,0; 213,75607270769643; 
574,0; 0,0; 213,75607270769643; 
575,0; 0,0; 213,75607270769643; 
576,0; 0,0; 213,75607270769643; 
577,0; 0,0; 213,75607270769643; 
578,0; 0,0; 213,75607270769643; 
579,0; 0,0; 213,75607270769643; 
580,0; 0,0; 213,75607270769643; 
581,0; 0,0; 213,75607270769643; 
582,0; 0,0; 213,75607270769643; 
583,0; 0,0; 213,75607270769643; 
584,0; 0,0; 213,75607270769643; 
585,0; 0,0; 213,75607270769643; 
586,0; 0,0; 213,75607270769643; 
587,0; 0,0; 213,75607270769643; 
588,0; 0,0; 213,75607270769643; 
589,0; 0,0; 213,75607270769643; 
590,0; 0,0; 213,75607270769643; 
591,0; 0,0; 213,75607270769643; 
592,0; 0,0; 213,75607270769643; 
593,0; 0,0; 213,75607270769643; 
594,0; 0,0; 213,75607270769643; 
595,0; 0,0; 213,75607270769643; 
596,0; 0,0; 213,75607270769643; 
597,0; 0,0; 213,75607270769643; 
598,0; 0,0; 213,75607270769643; 
599,0; 0,0; 213,75607270769643; 
600,0; 0,0; 213,75607270769643; 
601,0; 0,0; 213,75607270769643; 
602,0; 0,0; 213,75607270769643; 
603,0; 0,0; 213,75607270769643; 
604,0; 0,0; 213,75607270769643; 
605,0; 0,0; 213,75607270769643; 
606,0; 0,0; 213,75607270769643; 
607,0; 0,0; 213,75607270769643; 
608,0; 0,0; 213,75607270769643; 
609,0; 0,0; 213,75607270769643; 
610,0; 0,0; 213,75607270769643; 
611,0; 0,0; 213,75607270769643; 
612,0; 0,0; 213,75607270769643; 
613,0; 0,0; 213,75607270769643; 
614,0; 0,0; 213,75607270769643; 
615,0; 0,0; 213,75607270769643; 
616,0; 0,0; 213,75607270769643; 
617,0; 0,0; 213,75607270769643; 
618,0; 0,0; 213,75607270769643; 
619,0; 0,0; 213,75607270769643; 
620,0; 0,0; 213,75607270769643; 
621,0; 0,0; 213,75607270769643; 
622,0; 0,0; 213,75607270769643; 
623,0; 0,0; 213,75607270769643; 
624,0; 0,0; 213,75607270769643; 
625,0; 0,0; 213,75607270769643; 
626,0; 0,0; 213,75607270769643; 
627,0; 0,0; 213,75607270769643; 
628,0; 0,0; 213,75607270769643; 
629,0; 0,0; 213,75607270769643; 
630,0; 0,0; 213,75607270769643; 
631,0; 0,0; 213,75607270769643; 
632,0; 0,0; 213,75607270769643; 
633,0; 0,0; 213,75607270769643; 
634,0; 0,0; 213,75607270769643; 
635,0; 0,0; 213,75607270769643; 
636,0; 0,0; 213,75607270769643; 
637,0; 0,0; 213,75607270769643; 
638,0; 0,0; 213,75607270769643; 
639,0; 0,0; 213,75607270769643; 
640,0; 0,0; 213,75607270769643; 
641,0; 0,0; 213,75607270769643; 
642,0; 0,0; 213,75607270769643; 
643,0; 0,0; 213,75607270769643; 
644,0; 0,0; 213,75607270769643; 
645,0; 0,0; 213,75607270769643; 
646,0; 0,0; 213,75607270769643; 
647,0; 0,0; 213,75607270769643; 
648,0; 0,0; 213,75607270769643; 
649,0; 0,0; 213,75607270769643; 
650,0; 0,0; 213,75607270769643; 
651,0; 0,0; 213,75607270769643; 
652,0; 0,0; 213,75607270769643; 
653,0; 0,0; 213,75607270769643; 
654,0; 0,0; 213,75607270769643; 
655,0; 0,0; 213,75607270769643; 
656,0; 0,0; 213,75607270769643; 
657,0; 0,0; 213,75607270769643; 
658,0; 0,0; 213,75607270769643; 
659,0; 0,0; 213,75607270769643; 
660,0; 0,0; 213,75607270769643; 
661,0; 0,0; 213,75607270769643; 
662,0; 0,0; 213,75607270769643; 
663,0; 0,0; 213,75607270769643; 
664,0; 0,0; 213,75607270769643; 
665,0; 0,0; 213,75607270769643; 
666,0; 0,0; 213,75607270769643; 
667,0; 0,0; 213,75607270769643; 
668,0; 0,0; 213,75607270769643; 
669,0; 0,0; 213,75607270769643; 
670,0; 0,0; 213,75607270769643; 
671,0; 0,0; 213,75607270769643; 
672,0; 0,0; 213,75607270769643; 
673,0; 0,0; 213,75607270769643; 
674,0; 0,0; 213,75607270769643; 
675,0; 0,0; 213,75607270769643; 
676,0; 0,0; 213,75607270769643; 
677,0; 0,0; 213,75607270769643; 
678,0; 0,0; 213,75607270769643; 
679,0; 0,0; 213,75607270769643; 
680,0; 0,0; 213,75607270769643; 
681,0; 0,0; 213,75607270769643; 
682,0; 0,0; 213,75607270769643; 
683,0; 0,0; 213,75607270769643; 
684,0; 0,0; 213,75607270769643; 
685,0; 0,0; 213,75607270769643; 
686,0; 0,0; 213,75607270769643; 
687,0; 0,0; 213,75607270769643; 
688,0; 0,0; 213,75607270769643; 
689,0; 0,0; 213,75607270769643; 
690,0; 0,0; 213,75607270769643; 
691,0; 0,0; 213,75607270769643; 
692,0; 0,0; 213,75607270769643; 
693,0; 0,0; 213,75607270769643; 
694,0; 0,0; 213,75607270769643; 
695,0; 0,0; 213,75607270769643; 
696,0; 0,0; 213,75607270769643; 
697,0; 0,0; 213,75607270769643; 
698,0; 0,0; 213,75607270769643; 
699,0; 0,0; 213,75607270769643; 
700,0; 0,0; 213,75607270769643; 
701,0; 0,0; 213,75607270769643; 
702,0; 0,0; 213,75607270769643; 
703,0; 0,0; 213,75607270769643; 
704,0; 0,0; 213,75607270769643; 
705,0; 0,0; 213,75607270769643; 
706,0; 0,0; 213,75607270769643; 
707,0; 0,0; 213,75607270769643; 
708,0; 0,0; 213,75607270769643; 
709,0; 0,0; 213,75607270769643; 
710,0; 0,0; 213,75607270769643; 
711,0; 0,0; 213,75607270769643; 
712,0; 0,0; 213,75607270769643; 
713,0; 0,0; 213,75607270769643; 
714,0; 0,0; 213,75607270769643; 
715,0; 0,0; 213,75607270769643; 
716,0; 0,0; 213,75607270769643; 
717,0; 0,0; 213,75607270769643; 
718,0; 0,0; 213,75607270769643; 
719,0; 0,0; 213,75607270769643; 
720,0; 0,0; 213,75607270769643; 
721,0; 0,0; 213,75607270769643; 
722,0; 0,0; 213,75607270769643; 
723,0; 0,0; 213,75607270769643; 
724,0; 0,0; 213,75607270769643; 
725,0; 0,0; 213,75607270769643; 
726,0; 0,0; 213,75607270769643; 
727,0; 0,0; 213,75607270769643; 
728,0; 0,0; 213,75607270769643; 
729,0; 0,0; 213,75607270769643; 
730,0; 0,0; 213,75607270769643; 
731,0; 0,0; 213,75607270769643; 
732,0; 0,0; 213,75607270769643; 
733,0; 0,0; 213,75607270769643; 
734,0; 0,0; 213,75607270769643; 
735,0; 0,0; 213,75607270769643; 
736,0; 0,0; 213,75607270769643; 
737,0; 0,0; 213,75607270769643; 
738,0; 0,0; 213,75607270769643; 
739,0; 0,0; 213,75607270769643; 
740,0; 0,0; 213,75607270769643; 
741,0; 0,0; 213,75607270769643; 
742,0; 0,0; 213,75607270769643; 
743,0; 0,0; 213,75607270769643; 
744,0; 0,0; 213,75607270769643; 
745,0; 0,0; 213,75607270769643; 
746,0; 0,0; 213,75607270769643; 
747,0; 0,0; 213,75607270769643; 
748,0; 0,0; 213,75607270769643; 
749,0; 0,0; 213,75607270769643; 
750,0; 0,0; 213,75607270769643; 
751,0; 0,0; 213,75607270769643; 
752,0; 0,0; 213,75607270769643; 
753,0; 0,0; 213,75607270769643; 
754,0; 0,0; 213,75607270769643; 
755,0; 0,0; 213,75607270769643; 
756,0; 0,0; 213,75607270769643; 
757,0; 0,0; 213,75607270769643; 
758,0; 0,0; 213,75607270769643; 
759,0; 0,0; 213,75607270769643; 
760,0; 0,0; 213,75607270769643; 
761,0; 0,0; 213,75607270769643; 
762,0; 0,0; 213,75607270769643; 
763,0; 0,0; 213,75607270769643; 
764,0; 0,0; 213,75607270769643; 
765,0; 0,0; 213,75607270769643; 
766,0; 0,0; 213,75607270769643; 
767,0; 0,0; 213,75607270769643; 
768,0; 0,0; 213,75607270769643; 
769,0; 0,0; 213,75607270769643; 
770,0; 0,0; 213,75607270769643; 
771,0; 0,0; 213,75607270769643; 
772,0; 0,0; 213,75607270769643; 
773,0; 0,0; 213,75607270769643; 
774,0; 0,0; 213,75607270769643; 
775,0; 0,0; 213,75607270769643; 
776,0; 0,0; 213,75607270769643; 
777,0; 0,0; 213,75607270769643; 
778,0; 0,0; 213,75607270769643; 
779,0; 0,0; 213,75607270769643; 
780,0; 0,0; 213,75607270769643; 
781,0; 0,0; 213,75607270769643; 
782,0; 0,0; 213,75607270769643; 
783,0; 0,0; 213,75607270769643; 
784,0; 0,0; 213,75607270769643; 
785,0; 0,0; 213,75607270769643; 
786,0; 0,0; 213,75607270769643; 
787,0; 0,0; 213,75607270769643; 
788,0; 0,0; 213,75607270769643; 
789,0; 0,0; 213,75607270769643; 
790,0; 0,0; 213,75607270769643; 
791,0; 0,0; 213,75607270769643; 
792,0; 0,0; 213,75607270769643; 
793,0; 0,0; 213,75607270769643; 
794,0; 0,0; 213,75607270769643; 
795,0; 0,0; 213,75607270769643; 
796,0; 0,0; 213,75607270769643; 
797,0; 0,0; 213,75607270769643; 
798,0; 0,0; 213,75607270769643; 
799,0; 0,0; 213,75607270769643; 
800,0; 0,0; 213,75607270769643; 
801,0; 0,0; 213,75607270769643; 
802,0; 0,0; 213,75607270769643; 
803,0; 0,0; 213,75607270769643; 
804,0; 0,0; 213,75607270769643; 
805,0; 0,0; 213,75607270769643; 
806,0; 0,0; 213,75607270769643; 
807,0; 0,0; 213,75607270769643; 
808,0; 0,0; 213,75607270769643; 
809,0; 0,0; 213,75607270769643; 
810,0; 0,0; 213,75607270769643; 
811,0; 0,0; 213,75607270769643; 
812,0; 0,0; 213,75607270769643; 
813,0; 0,0; 213,75607270769643; 
814,0; 0,0; 213,75607270769643; 
815,0; 0,0; 213,75607270769643; 
816,0; 0,0; 213,75607270769643; 
817,0; 0,0; 213,75607270769643; 
818,0; 0,0; 213,75607270769643; 
819,0; 0,0; 213,75607270769643; 
820,0; 0,0; 213,75607270769643; 
821,0; 0,0; 213,75607270769643; 
822,0; 0,0; 213,75607270769643; 
823,0; 0,0; 213,75607270769643; 
824,0; 0,0; 213,75607270769643; 
825,0; 0,0; 213,75607270769643; 
826,0; 0,0; 213,75607270769643; 
827,0; 0,0; 213,75607270769643; 
828,0; 0,0; 213,75607270769643; 
829,0; 0,0; 213,75607270769643; 
830,0; 0,0; 213,75607270769643; 
831,0; 0,0; 213,75607270769643; 
832,0; 0,0; 213,75607270769643; 
833,0; 0,0; 213,75607270769643; 
834,0; 0,0; 213,75607270769643; 
835,0; 0,0; 213,75607270769643; 
836,0; 0,0; 213,75607270769643; 
837,0; 0,0; 213,75607270769643; 
838,0; 0,0; 213,75607270769643; 
839,0; 0,0; 213,75607270769643; 
840,0; 0,0; 213,75607270769643; 
841,0; 0,0; 213,75607270769643; 
842,0; 0,0; 213,75607270769643; 
843,0; 0,0; 213,75607270769643; 
844,0; 0,0; 213,75607270769643; 
845,0; 0,0; 213,75607270769643; 
846,0; 0,0; 213,75607270769643; 
847,0; 0,0; 213,75607270769643; 
848,0; 0,0; 213,75607270769643; 
849,0; 0,0; 213,75607270769643; 
850,0; 0,0; 213,75607270769643; 
851,0; 0,0; 213,75607270769643; 
852,0; 0,0; 213,75607270769643; 
853,0; 0,0; 213,75607270769643; 
854,0; 0,0; 213,75607270769643; 
855,0; 0,0; 213,75607270769643; 
856,0; 0,0; 213,75607270769643; 
857,0; 0,0; 213,75607270769643; 
858,0; 0,0; 213,75607270769643; 
859,0; 0,0; 213,75607270769643; 
860,0; 0,0; 213,75607270769643; 
861,0; 0,0; 213,75607270769643; 
862,0; 0,0; 213,75607270769643; 
863,0; 0,0; 213,75607270769643; 
864,0; 0,0; 213,75607270769643; 
865,0; 0,0; 213,75607270769643; 
866,0; 0,0; 213,75607270769643; 
867,0; 0,0; 213,75607270769643; 
868,0; 0,0; 213,75607270769643; 
869,0; 0,0; 213,75607270769643; 
870,0; 0,0; 213,75607270769643; 
871,0; 0,0; 213,75607270769643; 
872,0; 0,0; 213,75607270769643; 
873,0; 0,0; 213,75607270769643; 
874,0; 0,0; 213,75607270769643; 
875,0; 0,0; 213,75607270769643; 
876,0; 0,0; 213,75607270769643; 
877,0; 0,0; 213,75607270769643; 
878,0; 0,0; 213,75607270769643; 
879,0; 0,0; 213,75607270769643; 
880,0; 0,0; 213,75607270769643; 
881,0; 0,0; 213,75607270769643; 
882,0; 0,0; 213,75607270769643; 
883,0; 0,0; 213,75607270769643; 
884,0; 0,0; 213,75607270769643; 
885,0; 0,0; 213,75607270769643; 
886,0; 0,0; 213,75607270769643; 
887,0; 0,0; 213,75607270769643; 
888,0; 0,0; 213,75607270769643; 
889,0; 0,0; 213,75607270769643; 
890,0; 0,0; 213,75607270769643; 
891,0; 0,0; 213,75607270769643; 
892,0; 0,0; 213,75607270769643; 
893,0; 0,0; 213,75607270769643; 
894,0; 0,0; 213,75607270769643; 
895,0; 0,0; 213,75607270769643; 
896,0; 0,0; 213,75607270769643; 
897,0; 0,0; 213,75607270769643; 
898,0; 0,0; 213,75607270769643; 
899,0; 0,0; 213,75607270769643; 
900,0; 0,0; 213,75607270769643; 
901,0; 0,0; 213,75607270769643; 
902,0; 0,0; 213,75607270769643; 
903,0; 0,0; 213,75607270769643; 
904,0; 0,0; 213,75607270769643; 
905,0; 0,0; 213,75607270769643; 
906,0; 0,0; 213,75607270769643; 
907,0; 0,0; 213,75607270769643; 
908,0; 0,0; 213,75607270769643; 
909,0; 0,0; 213,75607270769643; 
910,0; 0,0; 213,75607270769643; 
911,0; 0,0; 213,75607270769643; 
912,0; 0,0; 213,75607270769643; 
913,0; 0,0; 213,75607270769643; 
914,0; 0,0; 213,75607270769643; 
915,0; 0,0; 213,75607270769643; 
916,0; 0,0; 213,75607270769643; 
917,0; 0,0; 213,75607270769643; 
918,0; 0,0; 213,75607270769643; 
919,0; 0,0; 213,75607270769643; 
920,0; 0,0; 213,75607270769643; 
921,0; 0,0; 213,75607270769643; 
922,0; 0,0; 213,75607270769643; 
923,0; 0,0; 213,75607270769643; 
924,0; 0,0; 213,75607270769643; 
925,0; 0,0; 213,75607270769643; 
926,0; 0,0; 213,75607270769643; 
927,0; 0,0; 213,75607270769643; 
928,0; 0,0; 213,75607270769643; 
929,0; 0,0; 213,75607270769643; 
930,0; 0,0; 213,75607270769643; 
931,0; 0,0; 213,75607270769643; 
932,0; 0,0; 213,75607270769643; 
933,0; 0,0; 213,75607270769643; 
934,0; 0,0; 213,75607270769643; 
935,0; 0,0; 213,75607270769643; 
936,0; 0,0; 213,75607270769643; 
937,0; 0,0; 213,75607270769643; 
938,0; 0,0; 213,75607270769643; 
939,0; 0,0; 213,75607270769643; 
940,0; 0,0; 213,75607270769643; 
941,0; 0,0; 213,75607270769643; 
942,0; 0,0; 213,75607270769643; 
943,0; 0,0; 213,75607270769643; 
944,0; 0,0; 213,75607270769643; 
945,0; 0,0; 213,75607270769643; 
946,0; 0,0; 213,75607270769643; 
947,0; 0,0; 213,75607270769643; 
948,0; 0,0; 213,75607270769643; 
949,0; 0,0; 213,75607270769643; 
950,0; 0,0; 213,75607270769643; 
951,0; 0,0; 213,75607270769643; 
952,0; 0,0; 213,75607270769643; 
953,0; 0,0; 213,75607270769643; 
954,0; 0,0; 213,75607270769643; 
955,0; 0,0; 213,75607270769643; 
956,0; 0,0; 213,75607270769643; 
957,0; 0,0; 213,75607270769643; 
958,0; 0,0; 213,75607270769643; 
959,0; 0,0; 213,75607270769643; 
960,0; 0,0; 213,75607270769643; 
961,0; 0,0; 213,75607270769643; 
962,0; 0,0; 213,75607270769643; 
963,0; 0,0; 213,75607270769643; 
964,0; 0,0; 213,75607270769643; 
965,0; 0,0; 213,75607270769643; 
966,0; 0,0; 213,75607270769643; 
967,0; 0,0; 213,75607270769643; 
968,0; 0,0; 213,75607270769643; 
969,0; 0,0; 213,75607270769643; 
970,0; 0,0; 213,75607270769643; 
971,0; 0,0; 213,75607270769643; 
972,0; 0,0; 213,75607270769643; 
973,0; 0,0; 213,75607270769643; 
974,0; 0,0; 213,75607270769643; 
975,0; 0,0; 213,75607270769643; 
976,0; 0,0; 213,75607270769643; 
977,0; 0,0; 213,75607270769643; 
978,0; 0,0; 213,75607270769643; 
979,0; 0,0; 213,75607270769643; 
980,0; 0,0; 213,75607270769643; 
981,0; 0,0; 213,75607270769643; 
982,0; 0,0; 213,75607270769643; 
983,0; 0,0; 213,75607270769643; 
984,0; 0,0; 213,75607270769643; 
985,0; 0,0; 213,75607270769643; 
986,0; 0,0; 213,75607270769643; 
987,0; 0,0; 213,75607270769643; 
988,0; 0,0; 213,75607270769643; 
989,0; 0,0; 213,75607270769643; 
990,0; 0,0; 213,75607270769643; 
991,0; 0,0; 213,75607270769643; 
992,0; 0,0; 213,75607270769643; 
993,0; 0,0; 213,75607270769643; 
994,0; 0,0; 213,75607270769643; 
995,0; 0,0; 213,75607270769643; 
996,0; 0,0; 213,75607270769643; 
997,0; 0,0; 213,75607270769643; 
998,0; 0,0; 213,75607270769643; 
999,0; 0,0; 213,75607270769643; 
1000,0; 0,0; 213,75607270769643; 
1001,0; 0,0; 213,75607270769643; 
1002,0; 0,0; 213,75607270769643; 
1003,0; 0,0; 213,75607270769643; 
1004,0; 0,0; 213,75607270769643; 
1005,0; 0,0; 213,75607270769643; 
1006,0; 0,0; 213,75607270769643; 
1007,0; 0,0; 213,75607270769643; 
1008,0; 0,0; 213,75607270769643; 
1009,0; 0,0; 213,75607270769643; 
1010,0; 0,0; 213,75607270769643; 
1011,0; 0,0; 213,75607270769643; 
1012,0; 0,0; 213,75607270769643; 
1013,0; 0,0; 213,75607270769643; 
1014,0; 0,0; 213,75607270769643; 
1015,0; 0,0; 213,75607270769643; 
1016,0; 0,0; 213,75607270769643; 
1017,0; 0,0; 213,75607270769643; 
1018,0; 0,0; 213,75607270769643; 
1019,0; 0,0; 213,75607270769643; 
1020,0; 0,0; 213,75607270769643; 
1021,0; 0,0; 213,75607270769643; 
1022,0; 0,0; 213,75607270769643; 
1023,0; 0,0; 213,75607270769643; 
1024,0; 0,0; 213,75607270769643; 
1025,0; 0,0; 213,75607270769643; 
1026,0; 0,0; 213,75607270769643; 
1027,0; 0,0; 213,75607270769643; 
1028,0; 0,0; 213,75607270769643; 
1029,0; 0,0; 213,75607270769643; 
1030,0; 0,0; 213,75607270769643; 
1031,0; 0,0; 213,75607270769643; 
1032,0; 0,0; 213,75607270769643; 
1033,0; 0,0; 213,75607270769643; 
1034,0; 0,0; 213,75607270769643; 
1035,0; 0,0; 213,75607270769643; 
1036,0; 0,0; 213,75607270769643; 
1037,0; 0,0; 213,75607270769643; 
1038,0; 0,0; 213,75607270769643; 
1039,0; 0,0; 213,75607270769643; 
1040,0; 0,0; 213,75607270769643; 
1041,0; 0,0; 213,75607270769643; 
1042,0; 0,0; 213,75607270769643; 
1043,0; 0,0; 213,75607270769643; 
1044,0; 0,0; 213,75607270769643; 
1045,0; 0,0; 213,75607270769643; 
1046,0; 0,0; 213,75607270769643; 
1047,0; 0,0; 213,75607270769643; 
1048,0; 0,0; 213,75607270769643; 
1049,0; 0,0; 213,75607270769643; 
1050,0; 0,0; 213,75607270769643; 
1051,0; 0,0; 213,75607270769643; 
1052,0; 0,0; 213,75607270769643; 
1053,0; 0,0; 213,75607270769643; 
1054,0; 0,0; 213,75607270769643; 
1055,0; 0,0; 213,75607270769643; 
1056,0; 0,0; 213,75607270769643; 
1057,0; 0,0; 213,75607270769643; 
1058,0; 0,0; 213,75607270769643; 
1059,0; 0,0; 213,75607270769643; 
1060,0; 0,0; 213,75607270769643; 
1061,0; 0,0; 213,75607270769643; 
1062,0; 0,0; 213,75607270769643; 
1063,0; 0,0; 213,75607270769643; 
1064,0; 0,0; 213,75607270769643; 
1065,0; 0,0; 213,75607270769643; 
1066,0; 0,0; 213,75607270769643; 
1067,0; 0,0; 213,75607270769643; 
1068,0; 0,0; 213,75607270769643; 
1069,0; 0,0; 213,75607270769643; 
1070,0; 0,0; 213,75607270769643; 
1071,0; 0,0; 213,75607270769643; 
1072,0; 0,0; 213,75607270769643; 
1073,0; 0,0; 213,75607270769643; 
1074,0; 0,0; 213,75607270769643; 
1075,0; 0,0; 213,75607270769643; 
1076,0; 0,0; 213,75607270769643; 
1077,0; 0,0; 213,75607270769643; 
1078,0; 0,0; 213,75607270769643; 
1079,0; 0,0; 213,75607270769643; 
1080,0; 0,0; 213,75607270769643; 
1081,0; 0,0; 213,75607270769643; 
1082,0; 0,0; 213,75607270769643; 
1083,0; 0,0; 213,75607270769643; 
1084,0; 0,0; 213,75607270769643; 
1085,0; 0,0; 213,75607270769643; 
1086,0; 0,0; 213,75607270769643; 
1087,0; 0,0; 213,75607270769643; 
1088,0; 0,0; 213,75607270769643; 
1089,0; 0,0; 213,75607270769643; 
1090,0; 0,0; 213,75607270769643; 
1091,0; 0,0; 213,75607270769643; 
1092,0; 0,0; 213,75607270769643; 
1093,0; 0,0; 213,75607270769643; 
1094,0; 0,0; 213,75607270769643; 
1095,0; 0,0; 213,75607270769643; 
1096,0; 0,0; 213,75607270769643; 
1097,0; 0,0; 213,75607270769643; 
1098,0; 0,0; 213,75607270769643; 
1099,0; 0,0; 213,75607270769643; 
1100,0; 0,0; 213,75607270769643; 
1101,0; 0,0; 213,75607270769643; 
1102,0; 0,0; 213,75607270769643; 
1103,0; 0,0; 213,75607270769643; 
1104,0; 0,0; 213,75607270769643; 
1105,0; 0,0; 213,75607270769643; 
1106,0; 0,0; 213,75607270769643; 
1107,0; 0,0; 213,75607270769643; 
1108,0; 0,0; 213,75607270769643; 
1109,0; 3,174427772980084; 216,93050048067653; 
1110,0; 0,0; 216,93050048067653; 
1111,0; 0,0; 216,93050048067653; 
1112,0; 0,0; 216,93050048067653; 
1113,0; 0,0; 216,93050048067653; 
1114,0; 0,0; 216,93050048067653; 
1115,0; 0,0; 216,93050048067653; 
1116,0; 0,0; 216,93050048067653; 
1117,0; 4,8840036259128565; 221,8145041065894; 
1118,0; 0,0; 221,8145041065894; 
1119,0; 5,0269287482163305; 226,84143285480573; 
1120,0; 4,171737919550655; 231,01317077435638; 
1121,0; 0,0; 231,01317077435638; 
1122,0; 0,0; 231,01317077435638; 
1123,0; 0,0; 231,01317077435638; 
1124,0; 0,0; 231,01317077435638; 
1125,0; 0,0; 231,01317077435638; 
1126,0; 0,0; 231,01317077435638; 
1127,0; 0,0; 231,01317077435638; 
1128,0; 4,310592362912131; 235,32376313726851; 
1129,0; 0,0; 235,32376313726851; 
1130,0; 0,0; 235,32376313726851; 
1131,0; 0,0; 235,32376313726851; 
1132,0; 0,0; 235,32376313726851; 
1133,0; 0,0; 235,32376313726851; 
1134,0; 2,573005748523787; 237,8967688857923; 
1135,0; 0,0; 237,8967688857923; 
1136,0; 3,1482330268514693; 241,04500191264378; 
1137,0; 3,241917561219246; 244,28691947386304; 
1138,0; 0,0; 244,28691947386304; 
1139,0; 0,0; 244,28691947386304; 
1140,0; 0,0; 244,28691947386304; 
1141,0; 0,0; 244,28691947386304; 
1142,0; 0,0; 244,28691947386304; 
1143,0; 0,0; 244,28691947386304; 
1144,0; 0,0; 244,28691947386304; 
1145,0; 5,0114651040326175; 249,29838457789566; 
1146,0; 5,5; 254,79838457789566; 
1147,0; 4,8028683796098175; 259,6012529575055; 
1148,0; 3,9964095858837756; 263,5976625433893; 
1149,0; 0,0; 263,5976625433893; 
1150,0; 0,0; 263,5976625433893; 
1151,0; 0,0; 263,5976625433893; 
1152,0; 5,5; 269,0976625433893; 
1153,0; 0,0; 269,0976625433893; 
1154,0; 5,5; 274,5976625433893; 
1155,0; 5,5; 280,0976625433893; 
1156,0; 4,946806958128668; 285,04446950151794; 
1157,0; 5,5; 290,54446950151794; 
1158,0; 4,434052424180031; 294,978521925698; 
1159,0; 0,0; 294,978521925698; 
1160,0; 5,472102209599498; 300,45062413529746; 
1161,0; 4,926820639833903; 305,3774447751314; 
1162,0; 5,5; 310,8774447751314; 
1163,0; 3,685795822886466; 314,56324059801784; 
1164,0; 2,941768482528112; 317,50500908054596; 
1165,0; 0,0; 317,50500908054596; 
1166,0; 0,0; 317,50500908054596; 
1167,0; 3,8885556877423904; 321,39356476828834; 
1168,0; 5,5; 326,89356476828834; 
1169,0; 4,896262593428634; 331,78982736171696; 
1170,0; 5,5; 337,28982736171696; 
1171,0; 0,0; 337,28982736171696; 
1172,0; 4,666527208135057; 341,956354569852; 
1173,0; 3,5649439690482003; 345,5212985389002; 
1174,0; 4,073389617956619; 349,5946881568568; 
1175,0; 4,119495991730119; 353,7141841485869; 
1176,0; 4,529255104412785; 358,24343925299974; 
1177,0; 4,414897862490386; 362,6583371154901; 
1178,0; 3,3915902585798663; 366,04992737406997; 
1179,0; 0,0; 366,04992737406997; 
1180,0; 3,4066925735013944; 369,45661994757137; 
1181,0; 5,5; 374,95661994757137; 
1182,0; 4,44448686788105; 379,4011068154524; 
1183,0; 1,826426065573969; 381,2275328810264; 
1184,0; 5,5; 386,7275328810264; 
1185,0; 3,220100731861771; 389,9476336128881; 
1186,0; 5,5; 395,4476336128881; 
1187,0; 4,542673020824985; 399,9903066337131; 
1188,0; 5,5; 405,4903066337131; 
1189,0; 3,8284625189679033; 409,318769152681; 
1190,0; 4,640674741427449; 413,95944389410846; 
1191,0; 4,334941485510794; 418,29438537961926; 
1192,0; 3,005909613362548; 421,30029499298183; 
1193,0; 3,6011542795991156; 424,901449272581; 
1194,0; 5,5; 430,401449272581; 
1195,0; 5,5; 435,901449272581; 
1196,0; 5,5; 441,401449272581; 
1197,0; 3,7045062610118173; 445,1059555335928; 
1198,0; 2,870363823625293; 447,9763193572181; 
1199,0; 5,381490792624957; 453,35781014984303; 
1200,0; 3,2141592460084625; 456,5719693958515; 
1201,0; 4,175955908921414; 460,74792530477293; 
1202,0; 3,2392565683183174; 463,98718187309123; 
1203,0; 4,189992163398194; 468,1771740364894; 
1204,0; 5,5; 473,6771740364894; 
1205,0; 5,5; 479,1771740364894; 
1206,0; 5,3635747563447715; 484,54074879283417; 
1207,0; 4,315519723179581; 488,85626851601376; 
1208,0; 5,5; 494,35626851601376; 
1209,0; 4,257016136504819; 498,6132846525186; 
1210,0; 5,5; 504,1132846525186; 
1211,0; 5,5; 509,6132846525186; 
1212,0; 4,143739957061677; 513,7570246095803; 
1213,0; 4,030858365991537; 517,7878829755718; 
1214,0; 5,5; 523,2878829755718; 
1215,0; 5,5; 528,7878829755718; 
1216,0; 1,2185670072571648; 530,006449982829; 
1217,0; 3,394712622954055; 533,4011626057832; 
1218,0; 5,5; 538,9011626057832; 
1219,0; 5,38495834968763; 544,2861209554708; 
1220,0; 4,620284917855752; 548,9064058733265; 
1221,0; 4,276860068465711; 553,1832659417922; 
1222,0; 3,288360888138295; 556,4716268299305; 
1223,0; 4,381186222941857; 560,8528130528724; 
1224,0; 4,646840813137919; 565,4996538660104; 
1225,0; 2,941171336567023; 568,4408252025773; 
1226,0; 2,7232490094518007; 571,1640742120292; 
1227,0; 4,247276930953183; 575,4113511429823; 
1228,0; 4,058310515455136; 579,4696616584374; 
1229,0; 5,5; 584,9696616584374; 
1230,0; 3,864398979481517; 588,8340606379189; 
1231,0; 4,657058714542913; 593,4911193524619; 
1232,0; 3,8083641269900856; 597,299483479452; 
1233,0; 3,226792641460105; 600,526276120912; 
1234,0; 3,7442349853505608; 604,2705111062626; 
1235,0; 5,4278506531576145; 609,6983617594202; 
1236,0; 4,16362371522236; 613,8619854746426; 
1237,0; 3,943682873926608; 617,8056683485692; 
1238,0; 4,552444663899553; 622,3581130124687; 
1239,0; 5,5; 627,8581130124687; 
1240,0; 4,5395412510122455; 632,397654263481; 
1241,0; 1,9701058996806073; 634,3677601631615; 
1242,0; 4,865192525875323; 639,2329526890368; 
1243,0; 4,238612709947179; 643,471565398984; 
1244,0; 5,5; 648,971565398984; 
1245,0; 3,6467456644290217; 652,618311063413; 
1246,0; 4,939635592179165; 657,5579466555921; 
1247,0; 5,5; 663,0579466555921; 
1248,0; 5,490874199339297; 668,5488208549314; 
1249,0; 3,690737683152658; 672,239558538084; 
1250,0; 4,8733176863554775; 677,1128762244394; 
1251,0; 3,643874155699215; 680,7567503801387; 
1252,0; 4,503386200228161; 685,2601365803669; 
1253,0; 0,0; 685,2601365803669; 
1254,0; 3,0157364623919793; 688,2758730427588; 
1255,0; 4,494126406347006; 692,7699994491059; 
1256,0; 4,0445543917347875; 696,8145538408406; 
1257,0; 5,5; 702,3145538408406; 
1258,0; 5,5; 707,8145538408406; 
1259,0; 2,830221321114678; 710,6447751619553; 
1260,0; 3,5934555442670137; 714,2382307062223; 
1261,0; 5,5; 719,7382307062223; 
1262,0; 3,542386317283939; 723,2806170235062; 
1263,0; 4,431563591674535; 727,7121806151807; 
1264,0; 4,878666434949435; 732,5908470501302; 
1265,0; 5,181735396567296; 737,7725824466975; 
1266,0; 4,486167783793236; 742,2587502304907; 
1267,0; 3,9329955544759834; 746,1917457849667; 
1268,0; 5,5; 751,6917457849667; 
1269,0; 4,223027488034827; 755,9147732730015; 
1270,0; 5,128922975299114; 761,0436962483006; 
1271,0; 0,0; 761,0436962483006; 
1272,0; 5,5; 766,5436962483006; 
1273,0; 2,944869737836652; 769,4885659861372; 
1274,0; 2,808330890481744; 772,296896876619; 
1275,0; 4,823206419972871; 777,1201032965919; 
1276,0; 3,4354661134805657; 780,5555694100724; 
1277,0; 5,5; 786,0555694100724; 
1278,0; 3,717932846625873; 789,7735022566983; 
1279,0; 5,347859061001109; 795,1213613176994; 
1280,0; 0,0; 795,1213613176994; 
1281,0; 0,0; 795,1213613176994; 
1282,0; 5,325440480663481; 800,4468017983629; 
1283,0; 3,714718113508075; 804,161519911871; 
1284,0; 4,015587818614182; 808,1771077304852; 
1285,0; 5,5; 813,6771077304852; 
1286,0; 4,8197869063710845; 818,4968946368563; 
1287,0; 0,0; 818,4968946368563; 
1288,0; 3,684765229475229; 822,1816598663315; 
1289,0; 5,5; 827,6816598663315; 
1290,0; 4,025805026589747; 831,7074648929213; 
1291,0; 5,5; 837,2074648929213; 
1292,0; 4,395989463465755; 841,603454356387; 
1293,0; 0,0; 841,603454356387; 
1294,0; 3,4150889112428073; 845,0185432676299; 
1295,0; 3,430915413631696; 848,4494586812616; 
1296,0; 3,640642136382883; 852,0901008176445; 
1297,0; 3,6892539093513315; 855,7793547269958; 
1298,0; 0,0; 855,7793547269958; 
1299,0; 0,0; 855,7793547269958; 
1300,0; 4,854770682950395; 860,6341254099463; 
1301,0; 4,372657884365586; 865,0067832943118; 
1302,0; 0,0; 865,0067832943118; 
1303,0; 4,784748937734944; 869,7915322320467; 
1304,0; 4,7983197969256715; 874,5898520289724; 
1305,0; 4,27185190834652; 878,8617039373189; 
1306,0; 0,0; 878,8617039373189; 
1307,0; 5,5; 884,3617039373189; 
1308,0; 0,0; 884,3617039373189; 
1309,0; 5,004600615765667; 889,3663045530845; 
1310,0; 0,0; 889,3663045530845; 
1311,0; 0,0; 889,3663045530845; 
1312,0; 0,0; 889,3663045530845; 
1313,0; 5,5; 894,8663045530845; 
1314,0; 4,324470755291436; 899,190775308376; 
1315,0; 4,683422604567069; 903,8741979129431; 
1316,0; 2,020462512501184; 905,8946604254444; 
1317,0; 0,0; 905,8946604254444; 
1318,0; 3,1739242320068386; 909,0685846574512; 
1319,0; 0,0; 909,0685846574512; 
1320,0; 5,5; 914,5685846574512; 
1321,0; 4,577124820231712; 919,1457094776829; 
1322,0; 0,0; 919,1457094776829; 
1323,0; 0,0; 919,1457094776829; 
1324,0; 4,992750683956489; 924,1384601616394; 
1325,0; 0,0; 924,1384601616394; 
1326,0; 0,0; 924,1384601616394; 
1327,0; 0,0; 924,1384601616394; 
1328,0; 3,607137980844604; 927,745598142484; 
1329,0; 0,0; 927,745598142484; 
1330,0; 5,5; 933,245598142484; 
1331,0; 0,0; 933,245598142484; 
1332,0; 0,0; 933,245598142484; 
1333,0; 0,0; 933,245598142484; 
1334,0; 0,0; 933,245598142484; 
1335,0; 0,0; 933,245598142484; 
1336,0; 0,0; 933,245598142484; 
1337,0; 4,496058075408065; 937,7416562178921; 
1338,0; 0,0; 937,7416562178921; 
1339,0; 0,0; 937,7416562178921; 
1340,0; 0,0; 937,7416562178921; 
1341,0; 2,686406427394175; 940,4280626452863; 
1342,0; 0,0; 940,4280626452863; 
1343,0; 0,0; 940,4280626452863; 
1344,0; 0,0; 940,4280626452863; 
1345,0; 4,355400188261885; 944,7834628335482; 
1346,0; 0,0; 944,7834628335482; 
1347,0; 0,0; 944,7834628335482; 
1348,0; 0,0; 944,7834628335482; 
1349,0; 3,45973573346099; 948,2431985670092; 
1350,0; 0,0; 948,2431985670092; 
1351,0; 0,0; 948,2431985670092; 
1352,0; 0,0; 948,2431985670092; 
1353,0; 0,0; 948,2431985670092; 
1354,0; 0,0; 948,2431985670092; 
1355,0; 5,5; 953,7431985670092; 
1356,0; 5,5; 959,2431985670092; 
1357,0; 0,0; 959,2431985670092; 
1358,0; 0,0; 959,2431985670092; 
1359,0; 0,0; 959,2431985670092; 
1360,0; 0,0; 959,2431985670092; 
1361,0; 0,0; 959,2431985670092; 
1362,0; 0,0; 959,2431985670092; 
1363,0; 0,0; 959,2431985670092; 
1364,0; 0,0; 959,2431985670092; 
1365,0; 0,0; 959,2431985670092; 
1366,0; 0,0; 959,2431985670092; 
1367,0; 3,5618266634006797; 962,8050252304099; 
1368,0; 0,0; 962,8050252304099; 
1369,0; 3,7820701057080246; 966,587095336118; 
1370,0; 0,0; 966,587095336118; 
1371,0; 5,5; 972,087095336118; 
1372,0; 0,0; 972,087095336118; 
1373,0; 2,7992623493424977; 974,8863576854604; 
1374,0; 0,0; 974,8863576854604; 
1375,0; 0,0; 974,8863576854604; 
1376,0; 4,457145286581981; 979,3435029720424; 
1377,0; 0,0; 979,3435029720424; 
1378,0; 2,7506542172013946; 982,0941571892438; 
1379,0; 5,266909453936925; 987,3610666431807; 
1380,0; 0,0; 987,3610666431807; 
1381,0; 0,0; 987,3610666431807; 
1382,0; 0,0; 987,3610666431807; 
1383,0; 4,369628577413286; 991,730695220594; 
1384,0; 0,0; 991,730695220594; 
1385,0; 5,5; 997,230695220594; 
1386,0; 0,0; 997,230695220594; 
1387,0; 0,0; 997,230695220594; 
1388,0; 5,322996622340401; 1002,5536918429344; 
1389,0; 4,267394302168179; 1006,8210861451026; 
1390,0; 0,0; 1006,8210861451026; 
1391,0; 0,0; 1006,8210861451026; 
1392,0; 0,0; 1006,8210861451026; 
1393,0; 0,0; 1006,8210861451026; 
1394,0; 0,0; 1006,8210861451026; 
1395,0; 0,0; 1006,8210861451026; 
1396,0; 0,0; 1006,8210861451026; 
1397,0; 0,0; 1006,8210861451026; 
1398,0; 0,0; 1006,8210861451026; 
1399,0; 0,0; 1006,8210861451026; 
1400,0; 0,0; 1006,8210861451026; 
1401,0; 0,0; 1006,8210861451026; 
1402,0; 0,0; 1006,8210861451026; 
1403,0; 0,0; 1006,8210861451026; 
1404,0; 0,0; 1006,8210861451026; 
1405,0; 0,0; 1006,8210861451026; 
1406,0; 0,0; 1006,8210861451026; 
1407,0; 0,0; 1006,8210861451026; 
1408,0; 0,0; 1006,8210861451026; 
1409,0; 0,0; 1006,8210861451026; 
1410,0; 0,0; 1006,8210861451026; 
1411,0; 0,0; 1006,8210861451026; 
1412,0; 0,0; 1006,8210861451026; 
1413,0; 0,0; 1006,8210861451026; 
1414,0; 0,0; 1006,8210861451026; 
1415,0; 0,0; 1006,8210861451026; 
1416,0; 0,0; 1006,8210861451026; 
1417,0; 0,0; 1006,8210861451026; 
1418,0; 0,0; 1006,8210861451026; 
1419,0; 0,0; 1006,8210861451026; 
1420,0; 0,0; 1006,8210861451026; 
1421,0; 0,0; 1006,8210861451026; 
1422,0; 0,0; 1006,8210861451026; 
1423,0; 0,0; 1006,8210861451026; 
1424,0; 0,0; 1006,8210861451026; 
1425,0; 0,0; 1006,8210861451026; 
1426,0; 0,0; 1006,8210861451026; 
1427,0; 0,0; 1006,8210861451026; 
1428,0; 0,0; 1006,8210861451026; 
1429,0; 0,0; 1006,8210861451026; 
1430,0; 0,0; 1006,8210861451026; 
1431,0; 0,0; 1006,8210861451026; 
1432,0; 0,0; 1006,8210861451026; 
1433,0; 0,0; 1006,8210861451026; 
1434,0; 0,0; 1006,8210861451026; 
1435,0; 0,0; 1006,8210861451026; 
1436,0; 0,0; 1006,8210861451026; 
1437,0; 0,0; 1006,8210861451026; 
1438,0; 0,0; 1006,8210861451026; 
1439,0; 0,0; 1006,8210861451026; 
1440,0; 0,0; 1006,8210861451026; 
